dataset,experiment_idx,method,loss
support,0,xgb,-0.6317616615891115
support,1,xgb,-0.6243321368723583
support,2,xgb,-0.6308663499174822
support,3,xgb,-0.6266625182699233
support,4,xgb,-0.6267354189658321
